route,dataset,product,parts_requested,n,configuration_variants,rows_per_second_median,rows_per_second_min,rows_per_second_max,rows_per_cpu_second_median,rows_per_cpu_second_min,rows_per_cpu_second_max,rows_per_allocated_cpu_second_median,rows_per_allocated_cpu_second_min,rows_per_allocated_cpu_second_max,cpu_seconds_median,cpu_seconds_min,cpu_seconds_max,elapsed_seconds_median,elapsed_seconds_min,elapsed_seconds_max,peak_rss_bytes_median,peak_rss_bytes_min,peak_rss_bytes_max,cgroup_peak_bytes_median,cgroup_peak_bytes_min,cgroup_peak_bytes_max,cpu_percent_median,cpu_percent_min,cpu_percent_max
pg-ch,narrow,datax,1,3,explicit-ranges,85948.84845837159,85331.0720068124,86688.21658999928,43425.02971669667,41582.57285735234,45240.282262778215,5371.803028648224,5333.192000425775,5418.013536874955,23.028193798,22.104194536,24.048535992,11.634827201720327,11.535593179054558,11.719060554169118,1067335680,1057857536,1074061312,1057763328,1037058048,1062854656,196.50204631639693,189.98300664690294,208.47246967468897
pg-ch,narrow,datax,4,3,explicit-ranges,85994.99165143231,85735.19381991649,86740.162440996,45444.29801735184,45150.3696328539,47529.18577407407,5374.6869782145195,5358.44961374478,5421.26015256225,22.004960878,21.039703999,22.148212919,11.628584186080843,11.528684888966382,11.66382153518498,1190445056,1164808192,1192419328,1178554368,1147301888,1178583040,189.23164269937047,182.49873425837333,189.8881327375243
pg-ch,narrow,go,1,3,native-ch-row-batches,132837.97370794095,126950.06566347212,136541.9272943769,64393.97594483824,62998.448996707244,72995.4364976524,8302.37335674631,7934.379103967008,8533.870455898556,15.52940295,13.699486543,15.873406662,7.527967885136604,7.323757763020694,7.877112900838256,706904064,687452160,729456640,721731584,706646016,735510528,197.14587242170177,187.05542955246008,210.85911768222104
pg-ch,narrow,go,4,3,native-ch-row-batches,242987.65362772494,242928.84846206935,244990.66538642548,70783.61084440106,68635.90842420649,70791.11084983213,15186.728351732809,15183.053028879334,15311.916586651592,14.127564108,14.126067355,14.569633053,4.115435434971005,4.081788171082735,4.116431647911668,2044325888,2022858752,2082643968,2055356416,2043293696,2085048320,346.11213311083026,343.162927584778,354.0240949765417
pg-ch,narrow,rust,1,3,native-cap,429608.08728124475,400002.5398445466,458511.95336259744,521326.0423773199,492443.21801482886,558030.8312045401,26850.505455077797,25000.15874028416,28656.99708516234,1.918185394,1.792015681,2.030690978,2.3277029218152165,2.1809682226739824,2.499984126072377,265007104,259342336,287166464,319012864,301895680,329965568,82.16606103517152,81.22815488394063,82.40679581671608
pg-ch,narrow,rust,4,3,native-cap,525028.3153043658,488428.3016908223,527833.3805285923,511453.87789610977,438066.9368934258,536320.3062074879,32814.269706522864,30526.768855676393,32989.58628303702,1.955210515,1.864557408,2.282756163,1.9046591790392995,1.8945372477173805,2.047383406199515,485277696,424542208,532156416,548888576,439525376,592293888,103.20253757775,97.89454347105152,111.49627158683481
pg-ch,narrow,rust_ranges,1,3,benchmark-exact-pk-ranges,438163.8722259295,404124.11226650537,455870.32439749606,551390.6106489566,500684.0533293105,552361.040533486,27385.242014120595,25257.757016656586,28491.895274843504,1.813596352,1.810410088,1.997267525,2.2822511470876634,2.193606265820563,2.4744873410090804,282021888,261242880,286822400,331354112,323723264,339243008,80.71439654993453,79.32562944749658,82.67647573123556
pg-ch,narrow,rust_ranges,4,3,benchmark-exact-pk-ranges,530230.298332101,473919.6675502125,536262.3101832878,530194.1094343303,373444.11948490696,549962.9732203631,33139.39364575631,29619.979221888283,33516.39438645549,1.886101679,1.818304229,2.677776802,1.885972950141877,1.8647590572945774,2.1100622499361634,546668544,541138944,550277120,595345408,587350016,616902656,100.00682559408465,97.5088026459582,126.9051091777511
pg-ch,narrow,seatunnel,1,3,native-heap4g,65684.9316301733,64842.84332839321,68266.89328634257,33936.543258571444,33479.07655522747,36125.9750787312,4105.308226885832,4052.6777080245756,4266.680830396411,29.466760724,27.680913742,29.869402113,15.22419183794409,14.648388872854412,15.421902382280678,1173999616,1146900480,1222254592,1146626048,1113747456,1193332736,191.07085490215826,188.96899844935677,196.1969635626559
pg-ch,narrow,seatunnel,4,3,native-heap4g,107743.40309098197,105316.20413677255,111766.20822542133,29192.829504036603,27071.205612509264,29413.80952277634,6733.962693186373,6582.262758548284,6985.388014088833,34.254987166,33.997636356,36.939618217,9.281310700345784,8.947248151991516,9.495214988011867,1799192576,1710100480,1831149568,1765384192,1694633984,1800990720,379.97869041368506,360.76052210769797,398.00001755812116
pg-ch,narrow,sling,1,3,external-ranges,144965.9638579001,130850.30919569416,146504.29849460183,97554.95426100507,86565.06422873653,103244.16539038303,9060.372741118756,8178.144324730885,9156.518655912614,10.250632657,9.685777363,11.552004367,6.898170945700258,6.8257382907904685,7.642320496961474,196022272,195072000,199733248,104243200,102526976,108695552,148.59928432752724,141.90080179412092,151.1583343251959
pg-ch,narrow,sling,4,3,external-ranges,134883.13588857136,125115.3833483652,136056.87366039632,99300.26444109257,92063.49255099018,101414.88093903374,8430.19599303571,7819.711459272825,8503.55460377477,10.070466636,9.860485865,10.862068908,7.413825260009617,7.349867545068264,7.992622275836766,762896384,757940224,774299648,388694016,388472832,405196800,137.01562067954885,123.36984690006113,146.51099165487898
pg-ch,narrow,spark,1,3,explicit-ranges,77929.46345240487,72383.57908914261,79056.29677111577,41650.6283060818,40270.15959332003,42767.379988122695,4870.591465775305,4523.973693071413,4941.018548194736,24.009241653,23.382306802,24.832283013,12.83211709279567,12.649213798809797,13.81528811622411,861540352,853471232,869797888,853430272,846213120,870981632,182.21706233593767,179.74495214354585,189.8081733369002
pg-ch,narrow,spark,4,3,explicit-ranges,96404.7195146464,95956.89137820463,99522.30594063931,35430.42657749017,33894.58339055134,35531.47320861698,6025.2949696654,5997.305711137789,6220.144121289957,28.224328539,28.144062424,29.50323916,10.372936149127781,10.047998692840338,10.42134635290131,918220800,913985536,934629376,914460672,905773056,935702528,280.89502598274754,271.3220443988419,283.10391153813134
pg-ch,narrow10m,datax,4,1,explicit-ranges,315976.4399374693,315976.4399374693,315976.4399374693,50671.94025057171,50671.94025057171,50671.94025057171,19748.527496091832,19748.527496091832,19748.527496091832,197.347880317,197.347880317,197.347880317,31.64792919997126,31.64792919997126,31.64792919997126,1250086912,1250086912,1250086912,1228505088,1228505088,1228505088,623.5728065177144,623.5728065177144,623.5728065177144
pg-ch,narrow10m,go,4,1,native-ch-row-batches,421211.46572363324,421211.46572363324,421211.46572363324,73433.13775484517,73433.13775484517,73433.13775484517,26325.716607727078,26325.716607727078,26325.716607727078,136.178301864,136.178301864,136.178301864,23.741044139955193,23.741044139955193,23.741044139955193,2288971776,2288971776,2288971776,2290630656,2290630656,2290630656,573.5986212789081,573.5986212789081,573.5986212789081
pg-ch,narrow10m,rust,4,1,native-cap,1278092.8673585053,1278092.8673585053,1278092.8673585053,535274.0470699552,535274.0470699552,535274.0470699552,79880.80420990658,79880.80420990658,79880.80420990658,18.682019154,18.682019154,18.682019154,7.824157583061606,7.824157583061606,7.824157583061606,1436741632,1436741632,1436741632,1823735808,1823735808,1823735808,238.77355428582376,238.77355428582376,238.77355428582376
pg-ch,narrow10m,rust_ranges,4,1,benchmark-exact-pk-ranges,1376331.9429623652,1376331.9429623652,1376331.9429623652,528833.5162734785,528833.5162734785,528833.5162734785,86020.74643514783,86020.74643514783,86020.74643514783,18.909542781,18.909542781,18.909542781,7.265689102932811,7.265689102932811,7.265689102932811,1509695488,1509695488,1509695488,1866563584,1866563584,1866563584,260.258077563037,260.258077563037,260.258077563037
pg-ch,narrow10m,seatunnel,1,1,native-heap4g,116628.08165589113,116628.08165589113,116628.08165589113,73405.74912351974,73405.74912351974,73405.74912351974,7289.255103493196,7289.255103493196,7289.255103493196,136.229111744,136.229111744,136.229111744,85.74264326412231,85.74264326412231,85.74264326412231,1772949504,1772949504,1772949504,1744605184,1744605184,1744605184,158.8813996838875,158.8813996838875,158.8813996838875
pg-ch,narrow10m,seatunnel,4,1,native-heap4g,311904.06580808567,311904.06580808567,311904.06580808567,64215.17007288235,64215.17007288235,64215.17007288235,19494.004113005354,19494.004113005354,19494.004113005354,155.726442656,155.726442656,155.726442656,32.06114025507122,32.06114025507122,32.06114025507122,2135846912,2135846912,2135846912,2090602496,2090602496,2090602496,485.717106182361,485.717106182361,485.717106182361
pg-ch,narrow10m,sling,4,1,external-ranges,430649.67503025837,430649.67503025837,430649.67503025837,103893.78537108649,103893.78537108649,103893.78537108649,26915.604689391148,26915.604689391148,26915.604689391148,96.252147944,96.252147944,96.252147944,23.220730398315936,23.220730398315936,23.220730398315936,773070848,773070848,773070848,399998976,399998976,399998976,414.5095623304795,414.5095623304795,414.5095623304795
pg-ch,narrow10m,spark,4,1,explicit-ranges,460853.5524216658,460853.5524216658,460853.5524216658,214428.97710046126,214428.97710046126,214428.97710046126,28803.347026354113,28803.347026354113,28803.347026354113,46.635488054,46.635488054,46.635488054,21.698867129161954,21.698867129161954,21.698867129161954,1195782144,1195782144,1195782144,1183588352,1183588352,1183588352,214.9213033860406,214.9213033860406,214.9213033860406
pg-ch,wide,datax,1,3,explicit-ranges,31562.725983260414,31532.362883256767,31689.79324713109,20303.316018620968,19492.699863504455,21712.42133911283,1972.6703739537759,1970.772680203548,1980.612077945693,49.253038227,46.056585969,51.301256727,31.682941471226513,31.55590168107301,31.713449566159397,1239142400,1218994176,1243443200,1229406208,1207914496,1229807616,155.30646744766813,145.95236870263284,161.9207508671196
pg-ch,wide,datax,4,3,explicit-ranges,86588.8567791241,86414.37677041748,86672.02803452201,22587.55087886832,21320.838290053078,22915.03578590611,5411.803548695256,5400.898548151093,5417.001752157626,44.272174764,43.63946927,46.902471019,11.548830152023584,11.537747791036963,11.572148493956774,1264861184,1262870528,1266143232,1245667328,1241092096,1248194560,382.5752390502065,378.23213039811014,406.1231345651209
pg-ch,wide,go,1,3,native-ch-row-batches,102038.45964416667,96774.19028052069,105196.13173832199,56209.81238044255,54674.508599505185,57620.84764787476,6377.403727760417,6048.386892532543,6574.758233645124,17.790488131,17.354829733,18.290059218,9.80022634100169,9.506052964832634,10.333333682268858,1467318272,1464082432,1524989952,1474551808,1474170880,1530839040,181.53140052050693,177.00056710047232,182.56609548888153
pg-ch,wide,go,4,3,native-ch-row-batches,196124.71235434292,189716.55882485045,204585.92554602138,49991.34372638096,48539.148134352516,51986.15419380246,12257.794522146432,11857.284926553153,12786.620346626336,20.003463109,19.235891085,20.601927278,5.098796515725553,4.887921773362905,5.271021181251854,4806217728,4797370368,4961443840,4810514432,4800008192,4963434496,392.3173448343335,390.85267483419784,393.5392581327186
pg-ch,wide,rust,1,3,native-cap,192889.18375758335,191597.2726001669,213216.69994965478,168172.88055610997,160071.00214377668,177138.39700147675,12055.57398484896,11974.829537510432,13326.043746853424,5.946261946,5.645303429,6.247227709,5.184323871973902,4.690064147114754,5.219280976336449,572600320,533766144,652062720,640802816,584355840,727699456,119.69517903565892,114.69696131727191,120.36729673458504
pg-ch,wide,rust,4,3,native-cap,317944.5484069098,295758.08185003034,329282.1686264145,159614.24498226042,141069.58536982926,177862.8403570729,19871.534275431863,18484.880115626896,20580.135539150906,6.265104973,5.622309854,7.088700214,3.145202536135912,3.0369090563617647,3.3811417552642524,1241186304,1062555648,1413464064,1442304000,1388683264,1610465280,185.2955429403566,185.132638141478,225.3813588332195
pg-ch,wide,rust_ranges,1,3,benchmark-exact-pk-ranges,210685.6015030093,196493.2512513362,210868.0837487969,171737.2198761319,165596.4823156646,178908.96611807027,13167.850093938081,12280.828203208512,13179.255234299806,5.822849588,5.589434793,6.038775619,4.746408833190799,4.742301358375698,5.089233312755823,535613440,519450624,666886144,611426304,565870592,729493504,118.65786549546104,117.76134314250531,122.78531345790316
pg-ch,wide,rust_ranges,4,3,benchmark-exact-pk-ranges,303865.3378716934,296597.0917888023,306407.1712107221,137198.60154617912,130358.31726499996,185738.0248540947,18991.58361698084,18537.318236800143,19150.448200670133,7.28870403,5.383927178,7.671163766,3.290931459981948,3.26363118737936,3.3715772260911763,1403609088,1246035968,1429385216,1502322688,1500196864,1614786560,221.47845127227237,164.9673896615506,227.52448636312366
pg-ch,wide,seatunnel,1,3,native-heap4g,33841.62121951055,32364.909579249983,34025.790489333995,17875.101883267864,17597.500575749305,18197.163076888635,2115.101326219409,2022.806848703124,2126.6119055833747,55.943737078,54.953620835,56.82625187,29.54941175878048,29.389471504371613,30.897660861723125,2071588864,2025365504,2228125696,2043518976,1995755520,2194616320,185.97196209386732,183.9176503500235,190.35298770064136
pg-ch,wide,seatunnel,4,3,native-heap4g,68623.79709886483,67378.94170931671,75112.22953699814,15503.370536278344,14862.483838978531,15803.809385747627,4288.987318679052,4211.183856832295,4694.514346062384,64.502102795,63.275883402,67.283504617,14.572204428724945,13.313411226961762,14.841432272922248,3082706944,2794725376,3144716288,3055550464,2769600512,3119751168,453.3491335587386,434.2231383830277,484.489675075709
pg-ch,wide,sling,1,3,external-ranges,70116.46933267808,68453.4571909224,73989.84388189307,52634.025917084364,51817.57732873941,56153.32694087715,4382.27933329238,4278.34107443265,4624.365242618317,18.999116685,17.808383839,19.298470742,14.261984516866505,13.515368428081274,14.608465971425176,590454784,565178368,611704832,518967296,497291264,542117888,132.10470407877656,131.76395400364376,133.2150982391775
pg-ch,wide,sling,4,3,external-ranges,106139.06747616566,101081.1184229689,109502.05032692885,49222.63302335173,43267.01313178562,55370.236167703806,6633.6917172603535,6317.569901435556,6843.878145433053,20.315857535,18.060244442,23.112295664,9.421601525042206,9.132249095011503,9.893044473603368,2256773120,2143875072,2304790528,1924505600,1789980672,1937469440,215.63061737435336,197.7633795804521,233.62166950394547
pg-ch,wide,spark,1,3,explicit-ranges,30973.903864123753,30274.643295878246,31566.362036328843,30232.99183862281,28266.19305638095,30340.437382250646,1935.8689915077346,1892.1652059923904,1972.8976272705527,33.076448581,32.959313915,35.377951251,32.285242583137006,31.679291989654303,33.03094243677333,1248763904,1248649216,1253502976,1234464768,1234083840,1238659072,104.41031507838615,102.08786206306863,107.10548546629946
pg-ch,wide,spark,4,3,explicit-ranges,67590.22391466203,67348.17558499455,68499.59201976666,27629.8238685276,27481.559734086917,28544.85582260504,4224.388994666377,4209.260974062159,4281.224501235416,36.192775052,35.03258192,36.388036548,14.795039017219096,14.598627094179392,14.848212164826691,3456196608,3441160192,4188844032,3441922048,3427401728,4189032448,244.62777698576738,235.93804783438654,249.25656579383582
pg-pg,narrow,airbyte,1,3,native-exact-ctid-parts-platform-counting,82809.37204929547,81203.96831649427,83775.97318934975,25019.979906991066,24795.037825791136,25298.920741392612,5175.585753080967,5075.248019780892,5235.9983243343595,39.968057677,39.527377876,40.330650311,12.075927823781967,11.936596638988703,12.314669107086957,1562755072,1497595904,1589501952,1562165248,1484455936,1594085376,327.50088500380537,327.3237340666775,334.83629283787366
pg-pg,narrow,airbyte,4,3,native-exact-ctid-parts-platform-counting,82473.61699021155,76667.3195669615,82676.37150112398,22686.4709787702,21314.14567689451,23128.402176815212,5154.601061888222,4791.707472935093,5167.273218820249,44.079134253,43.236882183,46.917198332,12.125089652836323,12.095354232937098,13.043367182370275,1617084416,1611681792,1892634624,1600614400,1598820352,1875873792,359.7015837705957,356.59020610116437,364.4302878948947
pg-pg,narrow,datax,1,3,explicit-ranges,24020.201253450774,23994.30103107289,24040.62704204145,78197.51501156093,74709.63719233147,80072.19173645099,1501.2625783406734,1499.6438144420556,1502.5391901275907,12.788130158,12.488730211,13.385154012,41.63162454171106,41.59625280369073,41.67656305991113,502411264,501522432,506867712,489353216,488169472,493174784,30.71734600504832,29.965835217858846,32.17874955027768
pg-pg,narrow,datax,4,3,explicit-ranges,84922.08251711361,46228.51251937892,86662.51732494471,67970.44227613813,66772.46730725268,70590.64417576628,5307.630157319601,2889.2820324611826,5416.407332809044,14.712277374,14.166183234,14.976232575,11.775500203948468,11.539013992063701,21.63167157024145,509542400,508817408,520126464,488718336,488521728,508203008,124.93972331694916,65.48815789847848,129.78780149933388
pg-pg,narrow,debezium,1,3,native-chunks-kafka-jdbc,3786.749880727508,3785.6934190746756,3789.481006116613,2684.6737732718543,2670.12450526442,2725.8761240557433,236.67186754546924,236.60583869216723,236.84256288228832,372.484735373,366.854528412,374.514371157,264.078703769017,263.88837901176885,264.15239938907325,2939944960,2911461376,3087933440,6302273536,6284804096,6447255552,141.15238297643566,138.91863417084872,141.77965902379458
pg-pg,narrow,debezium,4,3,native-chunks-kafka-jdbc,11001.606711724851,10734.888914511837,11111.868274895096,3037.167296113943,2749.898128976101,3167.877255921048,687.6004194828032,670.9305571569898,694.4917671809435,329.254170911,315.668796236,363.649834684,90.89581423904747,89.99386739125475,93.15420103212819,2970263552,2874032128,2978058240,6141579264,6083936256,6309638144,362.23248965578597,350.7670082269133,390.3740579113334
pg-pg,narrow,debezium,16,3,native-chunks-kafka-jdbc,18483.545933672525,18244.287959681722,18714.365260621835,3048.079911309984,3044.428105859697,3130.762477385018,1155.2216208545328,1140.2679974801076,1169.6478287888647,328.075388145,319.411008412,328.468916075,54.10217301314697,53.43488737521693,54.8116759727709,3276341248,3267522560,3301457920,6478782464,6456573952,6501564416,599.2681490676829,597.7574279685722,606.3996506485549
pg-pg,narrow,debezium_bulk,1,3,native-chunks-kafka-jdbc-bulk-tuned,7398.9680393282315,7289.535411049317,7469.745759216813,3899.6466933097286,3691.6300475636367,3937.495440868529,462.43550245801447,455.5959631905823,466.8591099510508,256.433487094,253.968548032,270.88304817,135.15398291824386,133.87336493562907,137.18295386619866,2908372992,2800427008,2914287616,2899177472,2803302400,2918043648,189.73431752219943,189.70804846364834,197.4611571888193
pg-pg,narrow,debezium_bulk,4,3,native-chunks-kafka-jdbc-bulk-tuned,16873.578900562876,16279.82371932616,17102.424078520296,3770.711546823764,3630.5621111854693,3856.3520442001095,1054.5986812851797,1017.488982457885,1068.9015049075185,265.201935386,259.312424939,275.439441435,59.26425009733066,58.47124334005639,61.42572654597461,2825261056,2776752128,2909761536,2816811008,2787385344,2963202048,447.4905781317649,443.48710601362404,448.41055519114616
pg-pg,narrow,debezium_bulk,16,3,native-chunks-kafka-jdbc-bulk-tuned,18381.056157922936,18112.446190026767,18477.731960367302,3180.0856322284862,3176.363770027894,3214.6214150279197,1148.8160098701835,1132.027886876673,1154.8582475229564,314.456940991,311.078621988,314.825401749,54.40383791923523,54.1191961299628,55.21065401704982,3034841088,2841669632,3063717888,3218952192,2872815616,3266400256,574.8027395694686,570.2258148432321,578.005069160423
pg-pg,narrow,estuary,1,3,local-preview-external-ranges-staged,9450.951450329605,9410.374918485913,9644.787116250274,12232.873211533322,12197.11961510446,12660.179575358758,590.6844656456003,588.1484324053696,602.7991947656421,81.746943887,78.987821148,81.986569908,105.80945265199989,103.68295203894377,106.26569171389565,106848256,106819584,109850624,579469312,579133440,579661824,77.25863978888555,74.33050109969903,79.07430131542309
pg-pg,narrow,estuary,4,3,local-preview-external-ranges-staged,32727.387617106655,31691.68401808003,32812.56452149091,12124.670227065893,11852.200487472219,12406.917596543377,2045.461726069166,1980.7302511300018,2050.785282593182,82.47646998,80.600196803,84.372518087,30.555448289960623,30.476130548864603,31.55401901109144,414470144,413671424,414900224,690995200,690610176,691118080,270.62644927235584,255.435596887574,276.1292103664591
pg-pg,narrow,flink,1,3,native-chunks,20631.371142471733,20490.818950189558,20814.576164476795,13382.646296529481,13160.188796017934,13628.318573414175,1289.4606964044833,1280.6761843868474,1300.9110102797997,74.723636704,73.376623434,75.986751824,48.469875952228904,48.04325546184555,48.8023442318663,5023526912,4999282688,5048324096,5099868160,5075169280,5146939392,154.16510819554472,152.73033171591257,155.703077423857
pg-pg,narrow,flink,4,3,native-chunks,33352.44289417488,32670.153482546066,35916.921219301694,13053.363440199044,12096.579204349528,13173.947072611218,2084.52768088593,2041.884592659129,2244.807576206356,76.60860778,75.907394685,82.667999201,29.982811249326915,27.842030053026974,30.608977718278766,5027069952,5005062144,5051641856,5106155520,5103681536,5126094848,270.07762219916657,253.1697046477056,275.1545330354643
pg-pg,narrow,go,1,3,native,108924.0037532786,106024.59175086344,120783.8780049403,78614.54603824303,74855.2813227284,82615.53088871136,6807.750234579912,6626.536984428965,7548.992375308769,12.720292241,12.104261623,13.359110838,9.180712841451168,8.279250646010041,9.431774114724249,2910756864,2333360128,2930905088,2912333824,2336030720,2948747264,141.6394272753485,138.55451598014847,146.19996592123127
pg-pg,narrow,go,4,3,native,168555.30207907644,167791.44889859547,171023.46511613534,74783.4517946634,71209.67037896959,76682.20994383593,10534.706379942278,10486.965556162217,10688.966569758459,13.371942268,13.040834383,14.043036496,5.932770952116698,5.847150853369385,5.9597792769782245,3809218560,3782844416,4025524224,3813109760,3783786496,4029263872,225.39117683667106,223.02886841862986,235.63014405996952
pg-pg,narrow,inlong,1,3,native-ranges-cursor,28715.752478015744,28645.90152512519,28805.089031562457,21326.841427333784,21179.37113849472,21965.65155403612,1794.734529875984,1790.3688453203245,1800.3180644726535,46.889268784,45.525624293,47.21575506,34.82409178605303,34.71608780324459,34.9090078077279,3852054528,3585036288,4329328640,4114731008,3830063104,4567601152,134.31853761715908,131.13696609773277,135.58359353655794
pg-pg,narrow,inlong,4,3,native-ranges-cursor,54013.11185585816,53799.10859836998,54275.619498491054,21269.094039728385,21116.54899837623,21339.785091283764,3375.819490991135,3362.444287398124,3392.226218655691,47.016577111,46.86082806,47.356222841,18.51402308885008,18.424478785134852,18.587668570224196,4359233536,4348076032,4409712640,4622508032,4571140096,4647616512,254.7722575431568,253.1099147662917,255.18538493980998
pg-pg,narrow,meltano,1,3,external-ranges-copy,10802.932788860284,10786.552832057296,10855.95710198245,7554.332144095662,7446.728516375385,7723.019219372531,675.1832993037677,674.159552003581,678.4973188739032,132.374375514,129.483039158,134.28715681,92.56745548127219,92.1153234676458,92.70802410831675,480591872,466853888,481329152,459563008,458870784,469430272,143.70505419817002,139.87965693212382,144.84955115978275
pg-pg,narrow,meltano,4,3,external-ranges-copy,38736.83738202261,38713.260080147054,39023.46227590064,7222.30658621015,7218.626171312868,7233.800185039502,2421.052336376413,2419.578755009191,2438.96639224379,138.459921088,138.239925685,138.530514847,25.815220538992435,25.625609355978668,25.83094262611121,1411612672,1397567488,1418887168,1108279296,1098723328,1111932928,536.0234935756381,535.4977520962735,540.5940320192998
pg-pg,narrow,rust,1,3,native-cap,228843.11303780793,207078.32225824439,231501.30448334714,505531.9177340611,339916.3088181013,508667.4841037914,14302.694564862995,12942.395141140274,14468.831530209196,1.978114467,1.965920825,2.941900621,4.369805963244289,4.319630086887628,4.829090699087828,430624768,387293184,448331776,493072384,426852352,500891648,45.5113235498478,45.267787257340416,60.92038448471672
pg-pg,narrow,rust,4,3,native-cap,418601.1616455672,418598.59039563674,432369.2006727166,485244.14009811205,428981.6456406425,550426.299224145,26162.57260284795,26162.411899727296,27023.075042044788,2.060818292,1.816773656,2.331102065,2.388908802997321,2.31283819116652,2.3889234769158065,702976000,690008064,730271744,772173824,747843584,784793600,89.1034357643753,76.05035628486641,97.5796038477358
pg-pg,narrow,rust_ranges,1,3,benchmark-exact-pk-ranges,230830.5466589334,230822.21268167248,251317.6065703281,485094.03956891317,480747.4496739604,530818.5686157319,14426.909166183337,14426.38829260453,15707.350410645506,2.061455962,1.883882854,2.080094238,4.332182263024151,3.9790288219228387,4.332338679116219,439029760,432500736,450711552,487247872,485167104,500367360,47.58470066217774,47.34529299261588,48.01319546015575
pg-pg,narrow,rust_ranges,4,3,benchmark-exact-pk-ranges,416301.38407248456,398897.4025538505,465940.5046386633,518106.87228472915,485422.95873726124,547184.0005762066,26018.836504530285,24931.087659615656,29121.281539916457,1.930103717,1.827538815,2.060059134,2.402105873916298,2.146196756977588,2.506910282187164,719208448,701534208,730968064,765435904,763568128,780382208,85.15243577078448,76.9913359370832,85.76054687553639
pg-pg,narrow,seatunnel,1,3,native-heap4g,36022.33637693403,35175.46336925084,36194.15138939074,35877.1320512622,35237.35374789051,37021.74965417939,2251.396023558377,2198.4664605781777,2262.134461836921,27.872907973,27.011149104,28.378975537,27.76055360585451,27.628773202653974,28.428907659370452,1088753664,1024098304,1226141696,1056227328,995811328,1199468544,99.82436144586092,97.30046989518081,100.88362508373183
pg-pg,narrow,seatunnel,4,3,native-heap4g,76269.05317536017,75578.31317742616,77584.86406147742,34352.02998999054,33222.008834620174,35333.36004438775,4766.8158234600105,4723.644573589135,4849.054003842339,29.110361172,28.301865397,30.100527785,13.111477832309902,12.889111969154328,13.231308796908706,1394622464,1390383104,1403846656,1368645632,1356886016,1376350208,222.02196841812082,219.57963795124766,227.49471157405478
pg-pg,narrow,sling,1,3,external-ranges,131916.5073706453,129929.49798113554,136231.2125152413,102671.57961592209,100448.37750986245,108969.78832320478,8244.781710665331,8120.5936238209715,8514.45078220258,9.739793658,9.176855488,9.955362394,7.5805524261668324,7.34046171605587,7.6964816730469465,143773696,143720448,145297408,53862400,53805056,54923264,128.48395618741213,125.01741502073861,129.34952380726958
pg-pg,narrow,sling,4,3,external-ranges,119546.62948003174,118480.45289415271,120627.23850604835,106291.03485243619,98162.82663866704,117693.41331591118,7471.664342501984,7405.028305884544,7539.202406628022,9.408131188,8.496652207,10.187155711,8.364936797879636,8.290001598186791,8.440210815984756,564711424,563097600,568647680,194064384,193429504,195362816,112.4710373231367,102.49276922767312,120.69788223425343
pg-pg,narrow,spark,1,3,explicit-ranges,45725.74669482582,45583.124207489585,47035.32994151855,41364.9301406671,39322.8519005881,41541.21593325766,2857.859168426614,2848.945262968099,2939.708121344909,24.175068025,24.07247784,25.430505461,21.86951711634174,21.260614122264087,21.937943425029516,848760832,830431232,859471872,821780480,806178816,835440640,113.708230091453,110.07320240286478,115.92018890880051
pg-pg,narrow,spark,4,3,explicit-ranges,85723.48317929164,79807.75714696811,86055.5604757337,38921.25273047534,35382.90919738117,39932.16429988564,5357.717698705727,4987.984821685507,5378.472529733356,25.692903744,25.042469336,28.262232323,11.665414923802018,11.620399593841285,12.530110301915556,875364352,874086400,896651264,848740352,848363520,872751104,221.1017231938997,214.67276988925227,225.55453736651762
pg-pg,narrow,sqoop,1,3,native-ranges-import-export,12707.910016057725,12687.790228587472,12911.531276999223,30043.233985354433,29352.3487784686,30388.10375168861,794.2443760036078,792.986889286717,806.9707048124515,33.285364701,32.90761438,34.068823846,78.69114580890164,77.45014735637233,78.8159310631454,402780160,402477056,408850432,529477632,526700544,555683840,42.97650274032874,41.75249081766886,43.294354778788964
pg-pg,narrow,sqoop,4,3,native-ranges-import-export,29707.30913969881,29596.068834587164,29818.075915707806,27572.864389755418,27489.608783628064,29147.443356725915,1856.7068212311756,1849.7543021616978,1863.629744731738,36.267541372,34.308326386,36.377382009,33.66174954781309,33.536704475060105,33.78827119199559,473690112,411389952,491749376,601317376,566411264,620302336,107.74110632748202,101.5391589319539,108.47035383590655
pg-pg,narrow10m,airbyte,4,1,native-exact-ctid-parts-platform-counting,125383.5018732929,125383.5018732929,125383.5018732929,52308.0271268996,52308.0271268996,52308.0271268996,7836.468867080806,7836.468867080806,7836.468867080806,191.175246884,191.175246884,191.175246884,79.75530951516703,79.75530951516703,79.75530951516703,5326565376,5326565376,5326565376,5325176832,5325176832,5325176832,239.70221925807246,239.70221925807246,239.70221925807246
pg-pg,narrow10m,datax,4,1,explicit-ranges,98420.61098174738,98420.61098174738,98420.61098174738,121532.34411634115,121532.34411634115,121532.34411634115,6151.288186359211,6151.288186359211,6151.288186359211,82.282622562,82.282622562,82.282622562,101.60473401099443,101.60473401099443,101.60473401099443,517189632,517189632,517189632,499187712,499187712,499187712,80.98305985732551,80.98305985732551,80.98305985732551
pg-pg,narrow10m,debezium,4,1,native-chunks-kafka-jdbc,15810.512279920647,15810.512279920647,15810.512279920647,5869.724763952307,5869.724763952307,5869.724763952307,988.1570174950405,988.1570174950405,988.1570174950405,1703.657394877,1703.657394877,1703.657394877,632.4905748120509,632.4905748120509,632.4905748120509,3074793472,3074793472,3074793472,25763766272,25763766272,25763766272,269.3569616248043,269.3569616248043,269.3569616248043
pg-pg,narrow10m,debezium_bulk,4,1,native-chunks-kafka-jdbc-bulk-tuned,32433.552862399803,32433.552862399803,32433.552862399803,8210.43716903941,8210.43716903941,8210.43716903941,2027.0970538999877,2027.0970538999877,2027.0970538999877,1217.961942113,1217.961942113,1217.961942113,308.32268183585256,308.32268183585256,308.32268183585256,3337510912,3337510912,3337510912,4805976064,4805976064,4805976064,395.0283303391312,395.0283303391312,395.0283303391312
pg-pg,narrow10m,estuary,4,1,local-preview-external-ranges-staged,35428.45351237197,35428.45351237197,35428.45351237197,11989.822204459597,11989.822204459597,11989.822204459597,2214.278344523248,2214.278344523248,2214.278344523248,834.040724664,834.040724664,834.040724664,282.2590039530769,282.2590039530769,282.2590039530769,422531072,422531072,422531072,4836392960,4836392960,4836392960,295.4877304118355,295.4877304118355,295.4877304118355
pg-pg,narrow10m,flink,4,1,native-chunks-large-heap18g,90718.6218309945,90718.6218309945,90718.6218309945,23506.992888338806,23506.992888338806,23506.992888338806,5669.913864437156,5669.913864437156,5669.913864437156,425.405327151,425.405327151,425.405327151,110.23095146473497,110.23095146473497,110.23095146473497,18148204544,18148204544,18148204544,18223820800,18223820800,18223820800,385.9218499870206,385.9218499870206,385.9218499870206
pg-pg,narrow10m,go,4,1,native,418129.8993449952,418129.8993449952,418129.8993449952,98491.09855021622,98491.09855021622,98491.09855021622,26133.1187090622,26133.1187090622,26133.1187090622,101.532018093,101.532018093,101.532018093,23.916012740693986,23.916012740693986,23.916012740693986,10148843520,10148843520,10148843520,10155601920,10155601920,10155601920,424.5357250552033,424.5357250552033,424.5357250552033
pg-pg,narrow10m,inlong,4,1,native-ranges-cursor,133387.85836869004,133387.85836869004,133387.85836869004,107053.64152539952,107053.64152539952,107053.64152539952,8336.741148043127,8336.741148043127,8336.741148043127,93.411114816,93.411114816,93.411114816,74.96934220474213,74.96934220474213,74.96934220474213,4518993920,4518993920,4518993920,4785864704,4785864704,4785864704,124.5990855313805,124.5990855313805,124.5990855313805
pg-pg,narrow10m,meltano,4,1,external-ranges-copy,43806.60371946635,43806.60371946635,43806.60371946635,7686.237881846792,7686.237881846792,7686.237881846792,2737.912732466647,2737.912732466647,2737.912732466647,1301.026608039,1301.026608039,1301.026608039,228.27608513180166,228.27608513180166,228.27608513180166,1808609280,1808609280,1808609280,1556475904,1556475904,1556475904,569.9355704684594,569.9355704684594,569.9355704684594
pg-pg,narrow10m,rust,4,1,native-cap,669892.5550282467,669892.5550282467,669892.5550282467,485114.93911522435,485114.93911522435,485114.93911522435,41868.28468926542,41868.28468926542,41868.28468926542,20.613671511,20.613671511,20.613671511,14.927767035085708,14.927767035085708,14.927767035085708,2135826432,2135826432,2135826432,2520842240,2520842240,2520842240,138.08945077016767,138.08945077016767,138.08945077016767
pg-pg,narrow10m,rust_ranges,4,1,benchmark-exact-pk-ranges,623611.6629473054,623611.6629473054,623611.6629473054,526139.3713702543,526139.3713702543,526139.3713702543,38975.728934206585,38975.728934206585,38975.728934206585,19.006370829,19.006370829,19.006370829,16.035620553884655,16.035620553884655,16.035620553884655,2145263616,2145263616,2145263616,2510594048,2510594048,2510594048,118.52594519265847,118.52594519265847,118.52594519265847
pg-pg,narrow10m,seatunnel,4,1,native-heap4g,141535.1849891335,141535.1849891335,141535.1849891335,80250.6690883445,80250.6690883445,80250.6690883445,8845.949061820844,8845.949061820844,8845.949061820844,124.609552962,124.609552962,124.609552962,70.65380951575935,70.65380951575935,70.65380951575935,1785438208,1785438208,1785438208,1755574272,1755574272,1755574272,176.36636129889897,176.36636129889897,176.36636129889897
pg-pg,narrow10m,sling,4,1,external-ranges,325686.73822279554,325686.73822279554,325686.73822279554,121269.53040478594,121269.53040478594,121269.53040478594,20355.42113892472,20355.42113892472,20355.42113892472,82.460944366,82.460944366,82.460944366,30.704351225867867,30.704351225867867,30.704351225867867,569761792,569761792,569761792,195895296,195895296,195895296,268.5643600133395,268.5643600133395,268.5643600133395
pg-pg,narrow10m,spark,1,1,explicit-ranges,70191.9164483108,70191.9164483108,70191.9164483108,211913.5564654929,211913.5564654929,211913.5564654929,4386.994778019425,4386.994778019425,4386.994778019425,47.189052776,47.189052776,47.189052776,142.46654751710594,142.46654751710594,142.46654751710594,856059904,856059904,856059904,833384448,833384448,833384448,33.122900497279204,33.122900497279204,33.122900497279204
pg-pg,narrow10m,spark,4,1,explicit-ranges,220179.7816113176,220179.7816113176,220179.7816113176,198677.24592084365,198677.24592084365,198677.24592084365,13761.23635070735,13761.23635070735,13761.23635070735,50.332890179,50.332890179,50.332890179,45.417430823203176,45.417430823203176,45.417430823203176,899751936,899751936,899751936,874856448,874856448,874856448,110.82284767478654,110.82284767478654,110.82284767478654
pg-pg,narrow10m,sqoop,4,1,native-ranges-import-export,37467.23209488345,37467.23209488345,37467.23209488345,75084.50637904201,75084.50637904201,75084.50637904201,2341.702005930216,2341.702005930216,2341.702005930216,133.183268856,133.183268856,133.183268856,266.89988667098805,266.89988667098805,266.89988667098805,417640448,417640448,417640448,1721667584,1721667584,1721667584,49.900084453830154,49.900084453830154,49.900084453830154
pg-pg,wide,airbyte,1,3,native-exact-ctid-parts-platform-counting,39498.95483376842,39284.04169829312,39869.931434209415,16492.65587200344,16026.464071381106,16938.279285572156,2468.684677110526,2455.25260614332,2491.8707146380884,60.633048295,59.037874104,62.396795422,25.31712558493018,25.08155805710703,25.455629226751626,2935222272,2871787520,2945454080,2975371264,2907148288,2985320448,239.4942036037904,231.92463080801156,248.77559551895317
pg-pg,wide,airbyte,4,3,native-exact-ctid-parts-platform-counting,38872.20859891911,38471.12584019966,39068.20520437501,13724.172501436584,13652.395530499656,13753.341897178445,2429.5130374324444,2404.4453650124788,2441.762825273438,72.864138067,72.709600872,73.247218612,25.725319863297045,25.596261583268642,25.993520547170192,3107352576,2945527808,3126861824,3143462912,2980737024,3172311040,283.2389974320867,281.79029646668664,284.06336071954996
pg-pg,wide,datax,1,3,explicit-ranges,16261.579489498055,16232.58775259163,19337.89593924846,36525.68985862696,35847.13218267714,36999.165444974264,1016.3487180936285,1014.5367345369768,1208.6184962030288,27.377990775,27.02763665,27.896234346,61.49464144278318,51.71193407708779,61.604472142178565,520044544,518369280,536625152,500592640,499920896,523350016,45.28280719883056,44.52093732504069,52.26576250215178
pg-pg,wide,datax,4,3,explicit-ranges,46184.999001128395,46140.46503612964,46368.19801381309,32298.41436987697,31399.286367487963,32603.475068216285,2886.5624375705247,2883.7790647581023,2898.012375863318,30.961272233,30.671577122,31.847857569,21.652052000164986,21.566505554132164,21.672950179781765,1221181440,1220591616,1242595328,1208279040,1200828416,1230495744,142.99463271547694,142.21857613888355,146.9474958638081
pg-pg,wide,debezium,1,3,native-chunks-kafka-jdbc,3083.4260235358065,3079.82598272056,3135.324094371363,2470.2189141354106,2446.0450731818205,2507.003046717141,192.7141264709879,192.489123920035,195.9577558982102,404.822420506,398.882642488,408.823210563,324.31457488099113,318.9462938760407,324.6936695808545,2974539776,2931310592,3116900352,7197343744,6819270656,7361892352,125.06263598191447,124.82399862989556,125.91043462311659
pg-pg,wide,debezium,4,3,native-chunks-kafka-jdbc,9250.791652299962,9042.397432157537,9256.111822037577,2644.0234720601475,2628.658614025902,2690.7542322391364,578.1744782687476,565.1498395098461,578.5069888773486,378.211468456,371.643009242,380.422164622,108.09885657206178,108.03672419115901,110.59014022583142,3078008832,3043307520,3152875520,7440101376,7271473152,7494119424,343.99692514224967,343.9928404513785,349.8755495196875
pg-pg,wide,debezium_bulk,1,3,native-chunks-kafka-jdbc-bulk-tuned,7067.016688162643,6981.234917751781,7131.94680857154,3807.3048620807886,3757.8521896653774,3843.663914047398,441.6885430101652,436.3271823594863,445.74667553572124,262.652988459,260.168428448,266.109455489,141.50242515699938,140.21416968479753,143.24113309197128,2945720320,2844651520,2948288512,2944770048,2941173760,2950508544,183.86146255750643,183.36422142818267,189.7878481805484
pg-pg,wide,debezium_bulk,4,3,native-chunks-kafka-jdbc-bulk-tuned,15684.000589545469,15350.924528275928,16007.28867781467,3538.5316145345123,3455.7842297122374,3555.1895418208933,980.2500368465918,959.4327830172455,1000.4555423634168,282.60309895,281.278955239,289.369918238,63.75924269389361,62.47154156630859,65.14265627181157,3056861184,2983718912,3171921920,3204403200,3191508992,3342925824,452.37093861376735,431.7892013266192,453.84779682415166
pg-pg,wide,estuary,1,3,local-preview-external-ranges-staged,7422.164694871058,7288.633735361507,7437.959100436844,7214.278330702185,6902.111062671093,7251.236133065071,463.8852934294411,455.5396084600942,464.87244377730275,138.614003253,137.907521097,144.883209053,134.73158318502828,134.4454824901186,137.19992474699393,129867776,128626688,134103040,1523372032,1521217536,1530109952,102.88159611591585,102.57505015621173,105.60006451911295
pg-pg,wide,estuary,4,3,local-preview-external-ranges-staged,20539.952705058677,20415.990350253953,23619.721623740974,7342.11050567095,7271.1878827717965,7343.3942332990755,1283.7470440661673,1275.999396890872,1476.2326014838109,136.200619594,136.176809828,137.529110253,48.6856038258411,42.33750151377171,48.98121437383816,502788096,496824320,510550016,1699827712,1690484736,1703165952,280.779298780426,279.70652333928894,321.70207197913203
pg-pg,wide,flink,1,3,native-chunks,17117.35770205524,16541.824252229482,17257.57546186437,10448.783032080284,10117.05199327145,10588.851947371677,1069.8348563784525,1033.8640157643426,1078.598466366523,95.704925342,94.43894437,98.843022717,58.42023152206093,57.94556727912277,60.45282459491864,5603106816,5549330432,5842288640,5683515392,5630050304,5934284800,165.16349711616604,156.21924203346168,169.19313761992612
pg-pg,wide,flink,4,3,native-chunks,29166.095490740478,28925.380219343315,29460.08724470063,9346.015241396552,9264.325916014619,9417.721605102033,1822.8809681712798,1807.8362637089572,1841.2554527937893,106.997471561,106.182794728,107.940934836,34.2863857219927,33.94423077208921,34.57171495817602,5852598272,5833355264,5859422208,5938511872,5911576576,5942407168,314.8215612786571,307.13777102598834,315.21548471494344
pg-pg,wide,go,1,3,native,96617.74109537118,96345.1519799471,103313.83737883167,68364.31243487862,67947.27031992812,75484.62312019478,6038.608818460699,6021.571998746694,6457.114836176979,14.627514918,13.247731242,14.71729468,10.35006602993235,9.679245543200523,10.379349447786808,2044735488,1753329664,2075987968,2046156800,1759571968,2111582208,140.92901478636534,136.86739511744557,142.19517670165237
pg-pg,wide,go,4,3,native,126551.22398066228,123492.66098870599,139523.0380405681,54096.01343095649,52110.302303774,59105.59413288074,7909.451498791393,7718.291311794124,8720.189877535506,18.485650542,16.918872311,19.190063304,7.901938586961478,7.167275125626475,8.09764719614759,4991012864,4547141632,5265379328,4998402048,4548943872,5273751552,236.0572465051167,233.9381702168893,236.98319819526787
pg-pg,wide,inlong,1,3,native-ranges-cursor,20475.60648901761,19542.42934747341,21205.378107572957,17875.15862687468,17464.102806458053,18098.12522305368,1279.7254055636006,1221.4018342170882,1325.3361317233098,55.943559488,55.254341965,57.260313403,48.83860219409689,47.15784811414778,51.170710776001215,4392243200,4382474240,4393914368,4655316992,4644151296,4694933504,114.54783096712355,111.90056290923123,117.16892134529607
pg-pg,wide,inlong,4,3,native-ranges-cursor,43466.66215093557,40261.73516596283,44223.100356309944,17420.055454369052,17128.459816447812,17764.077476983653,2716.666384433473,2516.358447872677,2763.9437722693715,57.405098544,56.29338204,58.382365415,23.0061373594217,22.612616301048547,24.837478958070278,4490338304,4456448000,4500381696,4722163712,4715855872,4730626048,244.6885418466224,235.05753347011978,253.86314338751734
pg-pg,wide,meltano,1,3,external-ranges-copy,8241.744891841237,8007.716945658355,8259.540402341894,6740.918108145008,6666.867125760729,6763.443057490799,515.1090557400773,500.4823091036472,516.2212751463684,148.347744915,147.853688055,149.995489806,121.33352986816317,121.07211191998795,124.8795389230363,569225216,565456896,598978560,539914240,509067264,543326208,122.12035101255273,120.11214254918312,122.2644268869368
pg-pg,wide,meltano,4,3,external-ranges-copy,27707.72985009468,27226.66382862975,29363.81244277599,6290.200749771553,6264.7725023177745,6451.604612164661,1731.7331156309176,1701.6664892893593,1835.2382776734994,158.977438047,155.000199193,159.62271569,36.091011620592326,34.05552334012464,36.72870118403807,2002276352,1950236672,2046582784,1725648896,1695866880,1768153088,442.27830842769896,422.01383167984585,466.8183673445148
pg-pg,wide,rust,1,3,native-cap,114007.53121881686,102451.92953427415,114801.60917875897,143049.0099575017,105752.57348004529,162378.0997828846,7125.470701176054,6403.245595892135,7175.1005736724355,6.990611122,6.158465959,9.456034658,8.77135036000982,8.710679294075817,9.760675123892725,1176502272,1058529280,1193472000,1248641024,1098129408,1302155264,79.69823157300235,70.7001802165809,96.87889964550702
pg-pg,wide,rust,4,3,native-cap,187639.35460063152,181951.32287509655,191361.8113743706,146110.45372844135,107272.25851129138,148169.70864074293,11727.45966253947,11371.957679693534,11960.113210898162,6.844137257,6.749017793,9.322074634,5.329372412990779,5.225703042931855,5.495975430123508,2354331648,2302369792,2561802240,2707898368,2560454656,2848763904,129.1504269866337,128.42294977016167,169.61638115966812
pg-pg,wide,rust_ranges,1,3,benchmark-exact-pk-ranges,104488.57453807555,100731.44234745899,112979.47716663164,116862.07962651433,104545.5896406911,140316.93756844668,6530.535908629722,6295.715146716187,7061.217322914477,8.557095708,7.126723383,9.565205031,9.570424368605018,8.851165052969009,9.927386888302863,1179164672,1039880192,1246683136,1186684928,1073303552,1356988416,89.41187327148045,80.51734817225483,96.3516899121801
pg-pg,wide,rust_ranges,4,3,benchmark-exact-pk-ranges,179594.82533549768,171966.72240922131,202233.95320719064,90040.30728278606,87701.06297132342,144617.9412661307,11224.676583468605,10747.920150576332,12639.622075449415,11.106137131,6.914771371,11.402370349,5.568089159205556,4.944768097251654,5.8150785570032895,2388049920,2359365632,2487861248,2792804352,2606870528,2895978496,190.9886001045423,139.84015498812354,204.78067112393128
pg-pg,wide,seatunnel,1,3,native-heap4g,25125.647609337248,25042.43764991235,25600.799633740982,23053.056557798394,22910.896667361027,23911.575669775117,1570.352975583578,1565.1523531195219,1600.0499771088114,43.37819575,41.820748821,43.647353245,39.79996916092932,39.06127989385277,39.93221482587978,1579372544,1497649152,1738215424,1553985536,1472245760,1710776320,108.99052603433508,107.06446110994305,109.30361222216119
pg-pg,wide,seatunnel,4,3,native-heap4g,54778.520740726715,54344.719905389364,55545.095316383384,21487.64363752396,21015.436063115863,22423.815163885312,3423.6575462954197,3396.5449940868352,3471.5684572739615,46.538374187,44.595444294,47.584070918,18.2553304922767,18.003389755729586,18.401051688939333,1820147712,1786662912,1823776768,1789149184,1771745280,1793585152,252.91149100447177,244.28724702008023,264.30617546818564
pg-pg,wide,sling,1,3,external-ranges,69469.101951753,67984.665045141,70458.09957225573,57298.35272818485,55174.81762824898,57371.912822986276,4341.818871984562,4249.041565321312,4403.631223265983,17.452508709,17.430131763,18.124210337,14.394888834096491,14.192832421977073,14.709199483972043,148238336,147836928,148299776,57442304,56934400,57614336,122.96705964043821,121.08556004763352,123.2168368968627
pg-pg,wide,sling,4,3,external-ranges,77384.09480549558,76234.66785990084,78118.83665138776,57453.45083953331,56704.72832193957,58034.6442722196,4836.505925343474,4764.666741243803,4882.427290711735,17.405394896,17.231086923,17.635213669,12.922552140895277,12.801009882707149,13.117391707375646,573304832,572076032,577327104,202346496,201654272,205910016,134.60724646637004,132.68944988669733,136.46850464770674
pg-pg,wide,spark,1,3,explicit-ranges,33600.93688423089,33556.15095892395,33625.109820429236,33291.154549115054,32678.833167252276,35623.343592894285,2100.0585552644307,2097.259434932747,2101.5693637768272,30.038009001,28.07148064,30.600847799,29.76107492018491,29.73967982083559,29.800795723684132,877682688,798760960,886018048,851656704,771928064,862732288,101.00313514456668,94.32280492315493,102.68466682142996
pg-pg,wide,spark,4,3,explicit-ranges,67860.50203862731,66048.9912393808,71061.1452997304,31340.266872265285,30828.537189466122,31424.579348773925,4241.281377414207,4128.0619524613,4441.32158123315,31.907832951,31.8222239,32.437478102,14.736112612765282,14.072387882042676,15.140276652760804,1564577792,1462517760,1655689216,1543188480,1436643328,1628893184,220.12235488686997,210.74801790482252,226.13236763184534
pg-pg,wide,sqoop,1,3,native-ranges-import-export,10039.850082784946,10025.002516312297,10134.56357805106,15406.331339847087,15124.350011077118,15726.300677581034,627.4906301740591,626.5626572695186,633.4102236281913,64.908379415,63.587745173,66.118543889,99.60308089805767,98.67223115218803,99.75059840362519,413523968,406884352,418426880,1475944448,1465225216,1482387456,65.16703984431244,64.4434046240678,66.283856886213
pg-pg,wide,sqoop,4,3,native-ranges-import-export,24691.388713944656,24638.896894043624,24703.233969525547,15299.172393633089,15185.30894943505,15680.860286317575,1543.211794621541,1539.9310558777265,1543.9521230953467,65.363012735,63.77201134,65.853121812,40.49994966201484,40.48052984615788,40.58623258583248,416993280,413401088,421171200,1478742016,1473060864,1486397440,161.4677796545783,157.46195210660267,162.25482784767632
